<?xml version="1.0"?>
<doc>
    <assembly>
        <name>ParkyAPI</name>
    </assembly>
    <members>
        <member name="M:ParkyAPI.Controllers.NationalParksController.GetNationalParks">
            <summary>
            Get list of national parks.
            </summary>
            <returns></returns>
        </member>
        <member name="M:ParkyAPI.Controllers.NationalParksController.GetNationalPark(System.Int32)">
            <summary>
            Get individual national park
            </summary>
            <param name="nationalParkId"> The Id of the national Park </param>
            <returns></returns>
        </member>
        <member name="M:ParkyAPI.Controllers.NationalParksV2Controller.GetNationalParks">
            <summary>
            Get list of national parks.
            </summary>
            <returns></returns>
        </member>
        <member name="M:ParkyAPI.Controllers.TrailsController.GetTrails">
            <summary>
            Get list of trails.
            </summary>
            <returns></returns>
        </member>
        <member name="M:ParkyAPI.Controllers.TrailsController.GetTrail(System.Int32)">
            <summary>
            Get individual trail
            </summary>
            <param name="trailId"> The id of the trail </param>
            <returns></returns>
        </member>
    </members>
</doc>
